name,iec_type,opc_ua_type,owner,access_for_gateway,description
START_PB,BOOL,Boolean,operator,write,"Start pushbutton (rising edge starts the line)"
STOP_PB,BOOL,Boolean,operator,write,"Stop pushbutton"
ESTOP,BOOL,Boolean,operator,write,"Emergency stop pressed = TRUE"
RESET_PB,BOOL,Boolean,operator,write,"Fault reset pushbutton"
KPI_RESET,BOOL,Boolean,operator,write,"Clears the counters (rising edge, only while stopped)"
FEED_INTERVAL,INT,Int16,operator,write,"Seconds between onions in 0.1 s units (20 = 2.0 s, limited to 15..100)"
PLANT_SESSION,DINT,Int32,plant,write,"New value every time the simulation starts (the PLC then clears its state)"
HEARTBEAT_IN,DINT,Int32,plant,write,"Counter written by the plant every cycle (the PLC watches it)"
CAM_ID,DINT,Int32,plant,write,"Id of the onion that was just measured; changes once per onion"
DIAMETER_MM,REAL,Float,plant,write,"Measured diameter of that onion (size gauge), mm"
SPROUTED,BOOL,Boolean,plant,write,"Camera result for that onion"
TRUE_GRADE,INT,Int16,plant,write,"Audit reference grade for the accuracy KPI (1..4)"
PE_A_ID,DINT,Int32,plant,write,"Id of the onion in front of pusher A (0 = none)"
PE_B_ID,DINT,Int32,plant,write,"Id of the onion in front of pusher B (0 = none)"
PE_C_ID,DINT,Int32,plant,write,"Id of the onion in front of pusher C (0 = none)"
PUSHED_A_ID,DINT,Int32,plant,write,"Id of the last onion that entered crate A"
PUSHED_B_ID,DINT,Int32,plant,write,"Id of the last onion that entered crate B"
PUSHED_C_ID,DINT,Int32,plant,write,"Id of the last onion that entered crate C"
BEAM_BLOCKED,BOOL,Boolean,plant,write,"Size-gauge light beam is interrupted"
CRATE_A_READY,BOOL,Boolean,plant,write,"Full crate A waits at the pick-up spot"
CRATE_B_READY,BOOL,Boolean,plant,write,"Full crate B waits at the pick-up spot"
CRATE_C_READY,BOOL,Boolean,plant,write,"Full crate C waits at the pick-up spot"
PALLET_FULL,BOOL,Boolean,plant,write,"Pallet has no free slot"
HEARTBEAT_OUT,DINT,Int32,plc,read,"Counter incremented every PLC scan"
SESSION_ACK,DINT,Int32,plc,read,"Copy of PLANT_SESSION after the PLC reset itself"
PLC_FAULT,INT,Int16,plc,read,"0 = ok, 1 = E-stop, 2 = belt jam, 4 = plant link lost"
RUNNING,BOOL,Boolean,plc,read,"Line is running"
CONVEYOR_RUN,BOOL,Boolean,plc,read,"Belt motor"
FEED_GATE,BOOL,Boolean,plc,read,"Feeder gate (an onion drops at the rising edge)"
PUSH_A,BOOL,Boolean,plc,read,"Pusher A (grade A)"
PUSH_B,BOOL,Boolean,plc,read,"Pusher B (grade B)"
PUSH_C,BOOL,Boolean,plc,read,"Pusher C (grade C)"
CALL_A,BOOL,Boolean,plc,read,"Robot: take the full crate A to the pallet"
CALL_B,BOOL,Boolean,plc,read,"Robot: take the full crate B to the pallet"
CALL_C,BOOL,Boolean,plc,read,"Robot: take the full crate C to the pallet"
COUNT_A,DINT,Int32,plc,read,"Graded onions: A (70 to under 90 mm)"
COUNT_B,DINT,Int32,plc,read,"Graded onions: B (55 to under 70 mm)"
COUNT_C,DINT,Int32,plc,read,"Graded onions: C (40 to under 55 mm)"
COUNT_REJECT,DINT,Int32,plc,read,"Rejected onions (sprouted, under 40 mm, 90 mm or more)"
RATE_PM,INT,Int16,plc,read,"Onions per minute (last full minute)"
TESTED,DINT,Int32,plc,read,"Onions checked against the audit grade"
ACCURACY_PCT,INT,Int16,plc,read,"Classification accuracy, %"
