name,type,initial_value,opc_ua,owner,description
START_PB,"BOOL",FALSE,Y,operator,"Start pushbutton (rising edge starts the line)"
STOP_PB,"BOOL",FALSE,Y,operator,"Stop pushbutton"
ESTOP,"BOOL",FALSE,Y,operator,"Emergency stop pressed = TRUE"
RESET_PB,"BOOL",FALSE,Y,operator,"Fault reset pushbutton"
KPI_RESET,"BOOL",FALSE,Y,operator,"Clears the counters (rising edge, only while stopped)"
FEED_INTERVAL,"INT",20,Y,operator,"Seconds between onions in 0.1 s units (20 = 2.0 s, limited to 15..100)"
PLANT_SESSION,"DINT",0,Y,plant,"New value every time the simulation starts (the PLC then clears its state)"
HEARTBEAT_IN,"DINT",0,Y,plant,"Counter written by the plant every cycle (the PLC watches it)"
CAM_ID,"DINT",0,Y,plant,"Id of the onion that was just measured; changes once per onion"
DIAMETER_MM,"REAL",0.0,Y,plant,"Measured diameter of that onion (size gauge), mm"
SPROUTED,"BOOL",FALSE,Y,plant,"Camera result for that onion"
TRUE_GRADE,"INT",0,Y,plant,"Audit reference grade for the accuracy KPI (1..4)"
PE_A_ID,"DINT",0,Y,plant,"Id of the onion in front of pusher A (0 = none)"
PE_B_ID,"DINT",0,Y,plant,"Id of the onion in front of pusher B (0 = none)"
PE_C_ID,"DINT",0,Y,plant,"Id of the onion in front of pusher C (0 = none)"
PUSHED_A_ID,"DINT",0,Y,plant,"Id of the last onion that entered crate A"
PUSHED_B_ID,"DINT",0,Y,plant,"Id of the last onion that entered crate B"
PUSHED_C_ID,"DINT",0,Y,plant,"Id of the last onion that entered crate C"
BEAM_BLOCKED,"BOOL",FALSE,Y,plant,"Size-gauge light beam is interrupted"
CRATE_A_READY,"BOOL",FALSE,Y,plant,"Full crate A waits at the pick-up spot"
CRATE_B_READY,"BOOL",FALSE,Y,plant,"Full crate B waits at the pick-up spot"
CRATE_C_READY,"BOOL",FALSE,Y,plant,"Full crate C waits at the pick-up spot"
PALLET_FULL,"BOOL",FALSE,Y,plant,"Pallet has no free slot"
HEARTBEAT_OUT,"DINT",0,Y,plc,"Counter incremented every PLC scan"
SESSION_ACK,"DINT",0,Y,plc,"Copy of PLANT_SESSION after the PLC reset itself"
PLC_FAULT,"INT",0,Y,plc,"0 = ok, 1 = E-stop, 2 = belt jam, 4 = plant link lost"
RUNNING,"BOOL",FALSE,Y,plc,"Line is running"
CONVEYOR_RUN,"BOOL",FALSE,Y,plc,"Belt motor"
FEED_GATE,"BOOL",FALSE,Y,plc,"Feeder gate (an onion drops at the rising edge)"
PUSH_A,"BOOL",FALSE,Y,plc,"Pusher A (grade A)"
PUSH_B,"BOOL",FALSE,Y,plc,"Pusher B (grade B)"
PUSH_C,"BOOL",FALSE,Y,plc,"Pusher C (grade C)"
CALL_A,"BOOL",FALSE,Y,plc,"Robot: take the full crate A to the pallet"
CALL_B,"BOOL",FALSE,Y,plc,"Robot: take the full crate B to the pallet"
CALL_C,"BOOL",FALSE,Y,plc,"Robot: take the full crate C to the pallet"
COUNT_A,"DINT",0,Y,plc,"Graded onions: A (70 to under 90 mm)"
COUNT_B,"DINT",0,Y,plc,"Graded onions: B (55 to under 70 mm)"
COUNT_C,"DINT",0,Y,plc,"Graded onions: C (40 to under 55 mm)"
COUNT_REJECT,"DINT",0,Y,plc,"Rejected onions (sprouted, under 40 mm, 90 mm or more)"
RATE_PM,"INT",0,Y,plc,"Onions per minute (last full minute)"
TESTED,"DINT",0,Y,plc,"Onions checked against the audit grade"
ACCURACY_PCT,"INT",0,Y,plc,"Classification accuracy, %"
Session,"DINT",0,,internal,""
Total,"DINT",0,,internal,""
Correct,"DINT",0,,internal,""
RejectPct,"INT",0,,internal,""
LastGrade,"INT",0,,internal,""
LastDiameter,"REAL",0.0,,internal,""
LastHB,"DINT",0,,internal,""
LastCam,"DINT",0,,internal,""
Run,"BOOL",FALSE,,internal,""
NewSession,"BOOL",FALSE,,internal,""
DoClear,"BOOL",FALSE,,internal,""
IntervalDs,"INT",20,,internal,""
PtSeconds,"TIME",,,internal,""
PtTenths,"TIME",,,internal,""
GateOpen,"BOOL",FALSE,,internal,""
Grade,"INT",4,,internal,""
i,"INT",0,,internal,""
Idx,"INT",0,,internal,""
PlantStalled,"BOOL",FALSE,,internal,""
RateBase,"DINT",0,,internal,""
ActiveA,"DINT",0,,internal,""
ActiveB,"DINT",0,,internal,""
ActiveC,"DINT",0,,internal,""
DoneA,"DINT",0,,internal,""
DoneB,"DINT",0,,internal,""
DoneC,"DINT",0,,internal,""
Route,"ARRAY[0..15] OF INT",,,internal,""
StartEdge,"R_TRIG",,,internal,""
ResetEdge,"R_TRIG",,,internal,""
KpiEdge,"R_TRIG",,,internal,""
LinkTimer,"TON",,,internal,""
JamTimer,"TON",,,internal,""
FeedTimer,"TON",,,internal,""
GateTimer,"TON",,,internal,""
RateTimer,"TON",,,internal,""
PushTimerA,"TON",,,internal,""
PushTimerB,"TON",,,internal,""
PushTimerC,"TON",,,internal,""
